[
  {
    "id": "rec16N1ozNwJtbePD",
    "name": "National Film Board",
    "scenes": [
      "rec0CYrvL2JbY3zW9"
    ],
    "short_name": "thenfb",
    "homepage_url": "https://www.nfb.ca",
    "companies_works_at": [
      "recTOH0P0LWWWz7Eq"
    ]
  },
  {
    "id": "rec1UFDpgdrG2HABd",
    "name": "James Baicoianu",
    "scenes": [
      "recOHtRc0Url5MOMB"
    ],
    "homepage_url": "http://baicoianu.com/resume",
    "companies_works_at": [
      "recnjmpnp1BxnnwnP"
    ]
  },
  {
    "id": "rec2LM12QuG6LBuRJ",
    "name": "Active Theory",
    "scenes": [
      "rec8r4m6qvnL1UBf6"
    ]
  },
  {
    "id": "rec3c2C4OPuLCe3AD",
    "name": "L.A. Times",
    "scenes": [
      "recrwnvi0LMnwUDl9"
    ]
  },
  {
    "id": "rec6TmVZuUDPR54MM",
    "name": "Mateusz Marpi Marcinowski",
    "scenes": [
      "reckfd8lmWkTCJsmI",
      "recqDDrsqADDMCyLC",
      "recS7Qq5Znz65dM3v",
      "recvogOXcVGCsWs65",
      "recedXKoOEdcCqgC2",
      "rec86lycEXQUiUsvm",
      "recEEAnaKAQn3I34z",
      "recPb1Tf5xk2RVyci",
      "rec1yvyJCU438Fk86",
      "recvLVAWSsg3ucXoX",
      "recFQbtBceFZrfm18",
      "rec4yPgVdpHuD0KJY",
      "recDTSteLK2EKrBxJ",
      "recwXuoG7OZSlcI7u",
      "recXdmCaTNISLLHF7",
      "rec14uRmnOKAmZBjM",
      "reca6L00Iamp05H1f",
      "recGKocCqT6n3bswq",
      "recUD1FMygjFTG3ZZ",
      "recouZJMQYOmCZwPT",
      "rec96WNmr3l1DveQM",
      "recW2BKuStkMBctnp",
      "recVMKLDkAboiBMkS",
      "recGVyybpkMw5zFRv",
      "recPoCDmMJOwno24U",
      "receuMuf3lQlvUlSP",
      "recrVwW1BBOPiu8Lx",
      "recAwNmIRFlPoAwKy",
      "recDzSEh0xd9A7gaO",
      "rec6PTAhRbzQb5Nmt",
      "reczHzIATmsUHsVQz",
      "recO4Y44HRmt7lecM",
      "recbAoLtsWPjvR6CD",
      "recjbtsNOaApetRXX",
      "recj95EJxjfLCwS5h",
      "recKT5lF4nKBlnTIt",
      "rec9th7jkjMuO8WG1",
      "rec956lb7cgOaLAoJ",
      "rec2fQLJ0mCs7yY5f",
      "rec9dN9aiINp3g3EE",
      "reccWJ0MPm6sZbLMe",
      "recj553d9TS1TG0cJ",
      "recTrJ5b4zkHqfSw9",
      "recYtKsgw0Mpl9tYr",
      "recwJGC8CDCQ5oUUK",
      "recgkASfqKXkII2Ec",
      "rec7jgl13iSB3Sh1R",
      "recv1TJBiyC0x1G78",
      "recZkvPuskCPe7wDT",
      "rec7tPi956cvpqH3q",
      "recO6iw1mMxMbQDIu"
    ],
    "github_username": "marpi",
    "short_name": "marpi",
    "homepage_url": "http://new.marpi.pl/",
    "location": "San Francisco, CA",
    "twitter_username": "marpi_",
    "companies_works_at": [
      "rec9fUQelmWPZBHoD"
    ],
    "collectives_member_of": [
      "rec9TkyQSHbz36aWc"
    ],
    "projects": [
      "rec2qVfHQAv60ExVI"
    ]
  },
  {
    "id": "rec6rCk1P05p64UOC",
    "name": "Brandon Jones",
    "scenes": [
      "recISv78DWtpgehUF"
    ],
    "github_username": "toji",
    "short_name": "tojiro",
    "homepage_url": "http://blog.tojicode.com",
    "location": "San Jose, CA",
    "twitter_username": "Tojiro",
    "blog_url": "http://blog.tojicode.com"
  },
  {
    "id": "rec7ufLBYS6jRcsZi",
    "name": "Grace Ng",
    "scenes": [
      "recFQbtBceFZrfm18",
      "recDTSteLK2EKrBxJ"
    ],
    "github_username": "ecargnfx",
    "short_name": "graceng",
    "homepage_url": "http://uxceo.com",
    "location": "San Francisco, CA",
    "twitter_username": "uxceo",
    "collectives_member_of": [
      "rec9CjVvTtjsrBvNS"
    ]
  },
  {
    "id": "rec7yanWohOHemCo3",
    "name": "Jim Yang",
    "scenes": [
      "rechHWN3u5PAwJqrX"
    ],
    "github_username": "jim-thisplace",
    "homepage_url": "http://thisplace.com/",
    "location": "London, UK",
    "twitter_username": "spacefishing",
    "companies_works_at": [
      "recFD84Pm3mValVKD"
    ],
    "email": "jim.yang@thisplace.com"
  },
  {
    "id": "rec8a2KfWsIri4GtP",
    "name": "Koen Hufkens",
    "scenes": [
      "recvdjQAb68rVCM4R"
    ],
    "github_username": "khufkens",
    "short_name": "khufkens",
    "homepage_url": "http://www.khufkens.com/",
    "location": "Cambridge, MA",
    "twitter_username": "koen_hufkens",
    "companies_works_at": [
      "recVh2FfILtjIoRrH"
    ],
    "email": "koen.hufkens@gmail.com"
  },
  {
    "id": "rec8rJ8nP6Yw0QcH7",
    "name": "Archan Nair",
    "scenes": [
      "recZkvPuskCPe7wDT",
      "rec7tPi956cvpqH3q"
    ],
    "homepage_url": "http://archann.net",
    "location": "New Delhi, India",
    "twitter_username": "archannair"
  },
  {
    "id": "rec9YM11cHGRsXc4z",
    "name": "PPCAT",
    "scenes": [
      "rec0m6wz78fQpHzOQ"
    ],
    "homepage_url": "https://sketchfab.com/PPCAT"
  },
  {
    "id": "recA6BQaW6VRvXfv1",
    "name": "Diego Feiss Goberna",
    "scenes": [
      "recIaW7ibJKkrBXuM"
    ],
    "github_username": "feiss",
    "homepage_url": "http://feiss.be/",
    "twitter_username": "feiss",
    "collectives_member_of": [
      "rec9pX6Njtee1VyJb"
    ]
  },
  {
    "id": "recA94YD38mEiWQdC",
    "name": "Arturo Paracuellos",
    "scenes": [
      "recniXa7Eus6u7UZS",
      "rec2xCgRGLQl2PACU",
      "recftySkWmi2usi6h",
      "reccHE3bGaCsovdrw",
      "rec8DVSoe10GMlDMn",
      "reclEZUHDYLGH9mY7",
      "reciFD7748U34Nawc",
      "recJzGqpbthPZ6tZe",
      "recScjblIOrJm2hdo"
    ],
    "github_username": "arturitu",
    "short_name": "unboring",
    "homepage_url": "http://unboring.net/",
    "twitter_username": "arturitu",
    "companies_works_at": [
      "recQpaXuWWfglnONM"
    ]
  },
  {
    "id": "recAGoZg6hafndkgq",
    "name": "France Télévisions",
    "scenes": [
      "rec0CYrvL2JbY3zW9"
    ],
    "short_name": "francetele",
    "homepage_url": "http://www.francetelevisions.fr",
    "twitter_username": "Francetele"
  },
  {
    "id": "recAh1cqwxfkNNjPx",
    "name": "Daniel Foster-Smith",
    "short_name": "Dan_FS",
    "twitter_username": "Dan_FS"
  },
  {
    "id": "recBAdQJErlsW2Xmb",
    "name": "Mark Pesce",
    "github_username": "mpesce",
    "short_name": "mpesce"
  },
  {
    "id": "recBKfyRRpYLmoMkg",
    "name": "Dr. Ryan C. James",
    "scenes": [
      "recpi5WKq79HyveTd"
    ],
    "github_username": "drryanjames",
    "short_name": "drryanjames",
    "homepage_url": "https://drryanjames.github.io/",
    "location": "Seattle, WA",
    "email": "rcjames1004@gmail.com"
  },
  {
    "id": "recBMo4EnurgOstZF",
    "name": "Jeffrey Zitelli",
    "scenes": [
      "recYx6AUpTNc6ZeKD"
    ],
    "github_username": "jzitelli",
    "short_name": "jzitelli",
    "homepage_url": "http://subvr.info/",
    "location": "Jersey City, NJ",
    "twitter_username": "jzitelli"
  },
  {
    "id": "recCLC3wB4jpV1kKP",
    "name": "Chris Van Wiemeersch",
    "github_username": "cvan",
    "short_name": "cvan",
    "homepage_url": "https://cvan.io/",
    "companies_works_at": [
      "recPqZJc7lXNkuz0J"
    ],
    "email": "cvan@mozilla.com",
    "collectives_member_of": [
      "rec9pX6Njtee1VyJb",
      "recao3YF0pBqR75Jn"
    ],
    "github_users": "cvan",
    "twitter_users": "mozillavr",
    "webvr_scenes": [
      "recEPQsqqa2aubYRp",
      "recyWpXZo039QpjqZ"
    ],
    "projects": [
      "recG17FagazZAgh2a"
    ],
    "compat_reports": [
      "reczdnmtZGyVDdgsK",
      "reckSyXrfT3PY7qfz",
      "recjq4QQGc3RqHoRZ",
      "rec1NElkpGYs1tAqA",
      "rec3ZI2Iz9pAYP61T",
      "recYAkRsQkEo0k0Yl",
      "rec6zxuSzPBkbw4ee",
      "recDcUQHxz2YxC4HR",
      "rec7zZ92MKr6DhpRA",
      "recuw9PUlOny8YUs7",
      "recUkQYVQcwCXYqyO",
      "recO7i6brRTrlreiJ",
      "recjAFs5aXqoQ9sWO",
      "rec6wS5QuY81EErpu",
      "recaKlJmmxHrn55Ks",
      "recZINrnlz5tWIRqU",
      "recAr0U9XHHMBC9YW",
      "rec52aM5wsjCElEEV",
      "recwvA4D30800cEv6",
      "recZ1xhnduKWSrWpP",
      "rec0KIAKsNw54zoQP",
      "recQE7QA1LExLFNMv",
      "rec7Vyfi5sHVT0kIf"
    ]
  },
  {
    "id": "recClIg46y99VYZx9",
    "name": "Yannis Gravezas",
    "scenes": [
      "rechv7DMulNqebcGQ",
      "reckBRWJRDTNdKvNd"
    ],
    "github_username": "wizgrav",
    "homepage_url": "http://wizgrav.com/",
    "twitter_username": "wizgrav"
  },
  {
    "id": "recDjGlzOk1e31Ou6",
    "name": "Diego Marcos",
    "github_username": "dmarcos",
    "short_name": "dmarcos",
    "homepage_url": "http://swimminglessonsformodernlife.com/",
    "location": "San Francisco, CA",
    "twitter_username": "dmarcos",
    "companies_works_at": [
      "recPqZJc7lXNkuz0J"
    ],
    "email": "dmarcos@mozilla.com",
    "collectives_member_of": [
      "rec9pX6Njtee1VyJb",
      "recao3YF0pBqR75Jn"
    ],
    "github_users": "dmarcos,dmarcos",
    "projects": [
      "recG17FagazZAgh2a"
    ]
  },
  {
    "id": "recFT4RJYsqWdQfyW",
    "name": "Newcastle University",
    "scenes": [
      "recVRU11gE2Z8mdcN"
    ]
  },
  {
    "id": "recFufDkXaEZa2EBs",
    "name": "Laszlo Gombos",
    "github_username": "laszlo",
    "companies_works_at": [
      "rec84jA89a6L9Wl67"
    ],
    "email": "l.gombos@samsung.com",
    "collectives_member_of": [
      "recPkrqjFA5YjEuUO"
    ]
  },
  {
    "id": "recGuXleoJcMbcXvM",
    "name": "Google",
    "scenes": [
      "recsuVDjD4iYe3OLI",
      "recyAoicBmQTjzfoQ"
    ]
  },
  {
    "id": "recHVXLbp8IA7WeyF",
    "name": "Don McCurdy"
  },
  {
    "id": "recHqFBwiMxSr5gYw",
    "name": "Google WebVR",
    "scenes": [
      "recsuVDjD4iYe3OLI"
    ]
  },
  {
    "id": "recHqug4fx2JyfXqx",
    "name": "Can Buyukberber",
    "scenes": [
      "recO6iw1mMxMbQDIu"
    ],
    "short_name": "cbuyukberber",
    "homepage_url": "http://canbuyukberber.com",
    "location": "San Francisco, CA",
    "collectives": [
      "rec9TkyQSHbz36aWc"
    ],
    "job_title": "3D Artist",
    "projects": [
      "rec2qVfHQAv60ExVI"
    ]
  },
  {
    "id": "recHwYfwBOUyQhYL6",
    "name": "Momoko Fujimoto",
    "scenes": [
      "recxdthFh8LAJIWw7"
    ],
    "short_name": "Musician",
    "homepage_url": "http://momolabo2406.blogspot.jp/"
  },
  {
    "id": "recI8hkbjUoH77zfK",
    "name": "Sure Bak",
    "scenes": [
      "reci1AWnpfbqW7p6A"
    ],
    "github_username": "surebak",
    "short_name": "surebak",
    "homepage_url": "https://twitter.com/surebak",
    "location": "Stuttgart, Germany",
    "twitter_username": "surebak"
  },
  {
    "id": "recIPCQXVG6I0dGMt",
    "name": "Om Unit",
    "scenes": [
      "recYkzhKtEckY0fcr"
    ],
    "homepage_url": "https://soundcloud.com/omunit"
  },
  {
    "id": "recJjaZtV3c5Jyu1P",
    "name": "Dan Zajdband",
    "scenes": [
      "recR5npGe85G5C29t",
      "recAKPNgYI6OyhV3U"
    ],
    "github_username": "impronunciable",
    "short_name": "https://twitter.com/impronunciable",
    "homepage_url": "https://zajdband.com/",
    "location": "New York, NY",
    "twitter_username": "impronunciable",
    "blog_url": "https://zajdband.com/"
  },
  {
    "id": "recMHminPH6G7m7ed",
    "name": "Erica Layton",
    "github_username": "321C4",
    "short_name": "3rica",
    "twitter_username": "ericalayton",
    "email": "3rica.layton@gmail.com",
    "collectives_member_of": [
      "rec9pX6Njtee1VyJb"
    ]
  },
  {
    "id": "recOJoJiy5LU9FYso",
    "name": "Sean McBeth",
    "scenes": [
      "recgQgBxAKw2Lw0xq"
    ],
    "companies_works_at": [
      "recrJmNR5ZV722cOX"
    ]
  },
  {
    "id": "recOnxNjjrJuoJDOb",
    "name": "Jason Varone",
    "scenes": [
      "rec4yPgVdpHuD0KJY"
    ],
    "github_username": "jasonvarone",
    "short_name": "jasonvarone",
    "homepage_url": "http://varonearts.com/",
    "twitter_username": "varonearts",
    "collectives_member_of": [
      "rec9CjVvTtjsrBvNS"
    ]
  },
  {
    "id": "recOvTG498WY1APx4",
    "name": "Casey Yee",
    "github_username": "caseyyee",
    "short_name": "caseyyee",
    "homepage_url": "https://twitter.com/whoyee",
    "twitter_username": "whoyee",
    "companies_works_at": [
      "recPqZJc7lXNkuz0J"
    ],
    "email": "kyee@mozilla.com",
    "collectives_member_of": [
      "rec9pX6Njtee1VyJb"
    ],
    "github_users": "caseyyee",
    "twitter_users": "mozillavr",
    "projects": [
      "recG17FagazZAgh2a"
    ]
  },
  {
    "id": "recRDrbUloPP9jaD9",
    "name": "Josh Carpenter",
    "github_username": "jcarpenter",
    "short_name": "joshcarpenter",
    "twitter_username": "joshcarpenter",
    "companies_works_at": [
      "recVYcHdgPzZZCYpc"
    ],
    "email": "rocarpenca@gmail.com",
    "collectives_member_of": [
      "recivipWVnTz84xyZ",
      "recqkLBr2jALLwhTI"
    ],
    "posts": [
      "recLIchBXBcd7HleA"
    ],
    "projects": [
      "recG17FagazZAgh2a"
    ]
  },
  {
    "id": "recRbJOcLTjmWtsio",
    "name": "FIELD",
    "scenes": [
      "rec81sIeLmhh3ISOB"
    ]
  },
  {
    "id": "recSu4fLL4NU9GVPP",
    "name": "Boris Smus",
    "scenes": [
      "recVv9Wy9OUg1mDH9"
    ],
    "short_name": "borismus",
    "companies_works_at": [
      "recVYcHdgPzZZCYpc"
    ]
  },
  {
    "id": "recTG69OYzv5XIQC7",
    "name": "Seven Stories",
    "scenes": [
      "recVRU11gE2Z8mdcN"
    ]
  },
  {
    "id": "recTuSWpN1YRZil7A",
    "name": "Andrea Hawksley",
    "scenes": [
      "reca4GS6F6b7eZaWb"
    ]
  },
  {
    "id": "recU3uD7ojTd4X2Rt",
    "name": "Edan Kwan",
    "scenes": [
      "recEoM6BvZyTd6dpQ"
    ],
    "github_username": "edankwan",
    "homepage_url": "http://edankwan.com/",
    "twitter_username": "edankwan",
    "companies_works_at": [
      "reckBP6Yok9D8xwzo"
    ]
  },
  {
    "id": "recV2AvuRKLFCloDi",
    "name": "Henry Segerman",
    "scenes": [
      "reca4GS6F6b7eZaWb"
    ]
  },
  {
    "id": "recYt2LK8CQuYR6iT",
    "name": "Fabien Benetou",
    "github_username": "utopiah",
    "short_name": "utopiah",
    "homepage_url": "http://fabien.benetou.fr/",
    "location": "Brussels, Belgium",
    "twitter_username": "utopiah",
    "collectives_member_of": [
      "recoGfXLO5dSX6FIB"
    ],
    "blog_url": "http://fabien.benetou.fr/"
  },
  {
    "id": "recZfAEEB1FqeKzDr",
    "name": "Ricardo Cabello",
    "scenes": [
      "recI1grqDCUA8Y6AL",
      "recxFIKQCfj6nQII4",
      "recoMmzeZSxi55vcM",
      "recGuekRHwR0Znxvv",
      "recEDoIVA3DUlEAkD",
      "rec33BRGsGzpRlfRv",
      "recXBWvfL2s6gL0Po",
      "recgzlEAFDRQytDjB",
      "reclbBjHxGZ1PLPir",
      "recYkzhKtEckY0fcr",
      "rec85K9g9k3IY9TEF",
      "reccN5n3ilzLfSxtD",
      "rectRKxsDUe9XmBeO"
    ],
    "short_name": "mrdoob"
  },
  {
    "id": "recZqEbxrwR5nsz0C",
    "name": "Ouedarbi Mohamed",
    "short_name": "ouedarbimohamed",
    "homepage_url": "http://www.mtbs3d.com/phpBB/viewtopic.php?f=145&t=20507",
    "twitter_username": "ouedarbimohamed",
    "collectives": [
      "recoGfXLO5dSX6FIB"
    ],
    "email": "m@vrlab-brussels.info"
  },
  {
    "id": "recamgR7QB5Zq0wNV",
    "name": "Stefano De Vuono",
    "scenes": [
      "recUD1FMygjFTG3ZZ"
    ],
    "github_username": "StefanoDeVuono",
    "short_name": "stefanodevuono",
    "homepage_url": "https://stefanodevuono.com/",
    "location": "San Francisco, CA",
    "twitter_username": "StefanoDeVuono",
    "collectives_member_of": [
      "rec9CjVvTtjsrBvNS"
    ]
  },
  {
    "id": "reccgb1xaF5XAm2kl",
    "name": "Amber Roy",
    "companies_works_at": [
      "recIWISMQkeOTgOQ2"
    ]
  },
  {
    "id": "recdTrNJUS9YAEI7O",
    "name": "Will Murphy",
    "scenes": [
      "reclAZHY4B3VQBU2V"
    ],
    "github_username": "wmurphyrd",
    "short_name": "wmurphyrd",
    "homepage_url": "http://datatitian.com",
    "twitter_username": "datatitian"
  },
  {
    "id": "receGZbLml24ugjyl",
    "name": "Fernando José Serrano García",
    "github_username": "fernandojsg",
    "short_name": "fernandojsg",
    "homepage_url": "http://fernandojsg.com/blog/",
    "twitter_username": "fernandojsg",
    "companies_works_at": [
      "recPqZJc7lXNkuz0J"
    ],
    "collectives_member_of": [
      "rec9pX6Njtee1VyJb",
      "recao3YF0pBqR75Jn"
    ]
  },
  {
    "id": "recgGagr3yLVTKIfZ",
    "name": "Kevin Ngo",
    "github_username": "ngokevin",
    "short_name": "ngokevin",
    "twitter_username": "andgokevin",
    "companies_works_at": [
      "recPqZJc7lXNkuz0J"
    ],
    "email": "kngo@mozilla.com",
    "collectives_member_of": [
      "rec9pX6Njtee1VyJb",
      "recao3YF0pBqR75Jn"
    ],
    "twitter_users": "mozillavr",
    "projects": [
      "recG17FagazZAgh2a"
    ]
  },
  {
    "id": "recgsM4hx54A4ZLQr",
    "name": "Amanda Watson",
    "companies_works_at": [
      "recIWISMQkeOTgOQ2"
    ]
  },
  {
    "id": "rech8mWzxhj77xILW",
    "name": "P_Malin",
    "scenes": [
      "recmrVWqiYmkfOnFX",
      "recQnKg58CnPyIV5F"
    ],
    "homepage_url": "https://www.shadertoy.com/user/P_Malin"
  },
  {
    "id": "rechU7K7WYjuRku4W",
    "name": "AATOAA",
    "scenes": [
      "rec0CYrvL2JbY3zW9"
    ],
    "short_name": "aatoaa",
    "companies_works_at": [
      "recfYbEKFPD2dtW3l"
    ]
  },
  {
    "id": "recjTIMdIJ3CCplOP",
    "name": "Michael Blix",
    "companies_works_at": [
      "rec84jA89a6L9Wl67"
    ],
    "posts": [
      "rec3duACJtXAICu3o"
    ]
  },
  {
    "id": "recjXx8PWeJ2XbMjk",
    "name": "Sean William Kennedy",
    "companies_works_at": [
      "recz5fc45hTnsomie"
    ],
    "job_title": "Technical Director"
  },
  {
    "id": "recjzeMkrgRRnUit2",
    "name": "Lorn",
    "scenes": [
      "recYkzhKtEckY0fcr"
    ],
    "homepage_url": "https://soundcloud.com/lorn"
  },
  {
    "id": "reckpSgXipd8L16gH",
    "name": "Mozilla VR",
    "scenes": [
      "recniXa7Eus6u7UZS",
      "recIaW7ibJKkrBXuM"
    ]
  },
  {
    "id": "recmBpQRVCGDTKoVT",
    "name": "Bent Stamnes",
    "scenes": [
      "recO6iw1mMxMbQDIu"
    ],
    "short_name": "gloom303",
    "homepage_url": "http://www.subsquare.com",
    "location": "Oslo, Norway",
    "twitter_username": "gloom303",
    "collectives": [
      "rec9TkyQSHbz36aWc"
    ],
    "job_title": "real-time graphics & demoscene enthusiast, hobby musician",
    "projects": [
      "rec2qVfHQAv60ExVI"
    ]
  },
  {
    "id": "recoW6gIHufu7suBL",
    "name": "Stewart Smith",
    "scenes": [
      "recyWpXZo039QpjqZ"
    ],
    "github_username": "stewdio",
    "short_name": "stew_rtsmith",
    "homepage_url": "http://stewartsmith.io/",
    "location": "Brooklyn, NY",
    "twitter_username": "stew_rtsmith",
    "companies_works_at": [
      "recSQSVjcDxR314oU"
    ],
    "collectives_member_of": [
      "reckxEZ3Q94lQdAxM"
    ],
    "blog_url": "https://medium.com/@stew_rtsmith/",
    "job_title": "Creative Coder"
  },
  {
    "id": "recorj9n4zeW7yaaI",
    "name": "iq",
    "scenes": [
      "recOjwIuStBimcfaO",
      "reclpCjTl6KFS8VXO",
      "reco8c2xF9edVon7e",
      "recXhWPMtedR12bL9",
      "recyPd7m8yflhSdup",
      "reck2zLZ489pEI7vv",
      "recXiuJAFVNhrMPvH",
      "recLE8WHJfgrtDLhH"
    ]
  },
  {
    "id": "recoyyHASNq7H30rf",
    "name": "Dream Logic",
    "short_name": "dreamlogic",
    "homepage_url": "https://dreamlogicart.com/",
    "location": "San Francisco, CA",
    "twitter_username": "dream__logic",
    "companies_works_at": [
      "recz5fc45hTnsomie"
    ],
    "collectives_member_of": [
      "recJfwXGuTJx0Bmix"
    ]
  },
  {
    "id": "recp076gtT99H8WZa",
    "name": "Dominique Hazaël-Massieux",
    "companies_works_at": [
      "recp1gClqoKVBT1Wz"
    ]
  },
  {
    "id": "recpTltpFl89I5KYX",
    "name": "Brian Chirls",
    "github_username": "brianchirls",
    "homepage_url": "http://chirls.com/",
    "location": "New York",
    "twitter_username": "bchirls",
    "companies_works_at": [
      "recBqM92lz7tN2kjW"
    ],
    "email": "brian.chirls@gmail.com"
  },
  {
    "id": "recqQFkKm6UVNSDJJ",
    "name": "Vincent Morisset",
    "scenes": [
      "rec0CYrvL2JbY3zW9"
    ],
    "short_name": "vmorisset",
    "homepage_url": "http://www.aatoaa.com/",
    "location": "Montréal, Canada",
    "twitter_username": "vmorisset",
    "email": "vmorisset@aatoaa.com",
    "companies": [
      "recfYbEKFPD2dtW3l"
    ],
    "job_title": "Director and Founder of the studio AATOAA"
  },
  {
    "id": "recr7QCKGa8VSNiQy",
    "name": "Daniwell",
    "scenes": [
      "recxdthFh8LAJIWw7"
    ],
    "short_name": "daniwell",
    "homepage_url": "http://aidn.jp/",
    "location": "Tokyo, Japan",
    "companies_works_at": [
      "rec1FJcbYa0JMUu69"
    ],
    "email": "daniwell@aidn.jp"
  },
  {
    "id": "recrAz6nMSzgoh81q",
    "name": "Mark Lundin",
    "scenes": [
      "recEoM6BvZyTd6dpQ"
    ],
    "homepage_url": "http://www.mark-lundin.com/",
    "twitter_username": "mark_lundin",
    "companies_works_at": [
      "reckBP6Yok9D8xwzo"
    ]
  },
  {
    "id": "rectGkEpbROay9J6V",
    "name": "Christmas Experiments Team",
    "scenes": [
      "recJsSzhvGhkuI7BQ"
    ]
  },
  {
    "id": "rectH2WlT2D8IOrKc",
    "name": "Jaunt",
    "scenes": [
      "recFFWcssTRus6F20"
    ]
  },
  {
    "id": "recthGeAaQ8XxthlF",
    "name": "admone",
    "scenes": [
      "recO2picy0Wjhb454"
    ],
    "homepage_url": "https://sketchfab.com/admone"
  },
  {
    "id": "rectkppfWCbyeuMjc",
    "name": "Vi Hart",
    "scenes": [
      "reca4GS6F6b7eZaWb"
    ]
  },
  {
    "id": "rectmTNJdniMbPUoQ",
    "name": "Jaume Sanchez Elias",
    "scenes": [
      "recZV3FRWDzcjEdvY",
      "recUsuEYMvhYu8iNR",
      "recO6iw1mMxMbQDIu"
    ],
    "github_username": "spite",
    "short_name": "spie",
    "homepage_url": "https://www.clicktorelease.com",
    "location": "Barcelona, Catalunya",
    "tools_contributed_to": "three.js",
    "twitter_username": "thespite",
    "collectives": [
      "rec9TkyQSHbz36aWc"
    ],
    "tools_used": "three.js",
    "projects": [
      "rec2qVfHQAv60ExVI"
    ]
  },
  {
    "id": "recuAhIckCzm0ZeQi",
    "name": "Trevor F. Smith",
    "scenes": [
      "recurs1NUW6LGqCHv",
      "recgKcSiEudsognfe"
    ],
    "github_username": "TrevorFSmith",
    "short_name": "trevorfsmith",
    "homepage_url": "https://trevor.smith.name/",
    "location": "Seattle, WA",
    "twitter_username": "TrevorFSmith",
    "collectives": [
      "recvnKf5wSdcmsqDm"
    ],
    "tools_used": "WebGL, three.js, Go, glTF, WebSockets",
    "email": "trevor@trevor.smith.name",
    "collectives_member_of": [
      "recvnKf5wSdcmsqDm",
      "recS44ZEaE6cbXlsA"
    ]
  },
  {
    "id": "recv3bWXuArWN6oQi",
    "name": "Justin Rogers",
    "companies_works_at": [
      "recIWISMQkeOTgOQ2"
    ]
  },
  {
    "id": "recwfE5lw26shZGpo",
    "name": "Claudia Miranda",
    "scenes": [
      "recouZJMQYOmCZwPT"
    ],
    "github_username": "claudiamiranda",
    "short_name": "claudiamiranda",
    "homepage_url": "https://ghostmeat.io/",
    "location": "Oakland, CA",
    "twitter_username": "ghostmeat",
    "collectives_member_of": [
      "rec9CjVvTtjsrBvNS"
    ]
  },
  {
    "id": "recxM4hVbGX90tbe5",
    "name": "Patricia M. Robinson",
    "scenes": [
      "rec7y8z8h1JYihxFP"
    ],
    "github_username": "PatriciaMRobinson",
    "short_name": "patriciamrobinson",
    "collectives_member_of": [
      "rec9CjVvTtjsrBvNS"
    ]
  },
  {
    "id": "recyRSn48ppoFIXgF",
    "name": "Jonathan Z. White",
    "scenes": [
      "recSAFIki09TyeAub",
      "recf7ELn8hndoOr3l"
    ],
    "github_username": "JonathanZWhite",
    "short_name": "jonathanzwhite",
    "homepage_url": "http://mrwhite.space",
    "twitter_username": "JonathanZWhite",
    "blog_url": "https://medium.com/@jonathanzwhite"
  },
  {
    "id": "recyjJBBNOo43KUdS",
    "name": "Ada Rose Edwards",
    "scenes": [
      "recc2NVYwPGNxCo1C",
      "recRoCcTy8zcKYpJW"
    ],
    "github_username": "AdaRoseEdwards",
    "short_name": "AdaRoseEdwards",
    "homepage_url": "https://ada.is/",
    "location": "London, UK",
    "twitter_username": "lady_ada_king",
    "companies_works_at": [
      "rec84jA89a6L9Wl67"
    ],
    "collectives_member_of": [
      "recPkrqjFA5YjEuUO",
      "rec9XDyGbBCmyMh1n"
    ],
    "posts": [
      "recpzSSedxTWHAUSf"
    ]
  },
  {
    "id": "reczxooy2u0Mf7fWr",
    "name": "Peter O'Shaughnessy",
    "github_username": "poshaughnessy",
    "twitter_username": "poshaughnessy",
    "posts": [
      "recSHB7x7Ch3u4hw6"
    ]
  }
]
